{"iteration": 0, "params": {"ParametricEQ": {"low_shelf_gain_db": [11.03857421875], "low_shelf_cutoff_freq": [708.5865478515625], "low_shelf_q_factor": [2.674457550048828], "band0_gain_db": [13.676856994628906], "band0_cutoff_freq": [904.000732421875], "band0_q_factor": [3.6169965267181396], "band1_gain_db": [-3.904346466064453], "band1_cutoff_freq": [5200.32763671875], "band1_q_factor": [3.2699851989746094], "band2_gain_db": [8.227956771850586], "band2_cutoff_freq": [10192.734375], "band2_q_factor": [2.835833787918091], "band3_gain_db": [-8.832854270935059], "band3_cutoff_freq": [18311.857421875], "band3_q_factor": [1.337705373764038], "high_shelf_gain_db": [6.256946563720703], "high_shelf_cutoff_freq": [15342.802734375], "high_shelf_q_factor": [4.320491790771484]}}}
{"iteration": 0, "raw_params": [[1.2423015832901, -0.628851592540741, -0.2559937536716461, 1.6725945472717285, -0.28525036573410034, 0.3892457187175751, -0.39551129937171936, 0.13375087082386017, 0.14941997826099396, 0.8745852112770081, 0.19333435595035553, -0.14545321464538574, -0.9485394358634949, 0.8351500034332275, -1.3262485265731812, 0.6473970413208008, 0.6868553161621094, 0.9214508533477783]]}
{"iteration": 100, "params": {"ParametricEQ": {"low_shelf_gain_db": [1.2642974853515625], "low_shelf_cutoff_freq": [807.5133666992188], "low_shelf_q_factor": [3.671846866607666], "band0_gain_db": [17.213993072509766], "band0_cutoff_freq": [762.627197265625], "band0_q_factor": [1.9001176357269287], "band1_gain_db": [2.178783416748047], "band1_cutoff_freq": [5073.07421875], "band1_q_factor": [3.3723249435424805], "band2_gain_db": [4.159879684448242], "band2_cutoff_freq": [9398.6328125], "band2_q_factor": [1.3815745115280151], "band3_gain_db": [-7.062617301940918], "band3_cutoff_freq": [17475.943359375], "band3_q_factor": [2.619293689727783], "high_shelf_gain_db": [2.9944591522216797], "high_shelf_cutoff_freq": [14882.671875], "high_shelf_q_factor": [4.086916923522949]}}}
{"iteration": 100, "raw_params": [[0.12659873068332672, -0.4149158298969269, 0.4280072748661041, 2.5920751094818115, -0.5947967171669006, -0.8231063485145569, 0.21874643862247467, 0.04872557520866394, 0.21940122544765472, 0.4221474230289459, -0.6205416321754456, -1.2819644212722778, -0.7380322813987732, 0.4266628921031952, -0.29410603642463684, 0.3017140328884125, 0.5679061412811279, 0.7343021631240845]]}
{"iteration": 200, "params": {"ParametricEQ": {"low_shelf_gain_db": [-7.036008834838867], "low_shelf_cutoff_freq": [517.6713256835938], "low_shelf_q_factor": [2.920686721801758], "band0_gain_db": [18.797561645507812], "band0_cutoff_freq": [621.4080810546875], "band0_q_factor": [1.7194567918777466], "band1_gain_db": [7.594890594482422], "band1_cutoff_freq": [6002.90869140625], "band1_q_factor": [1.5466252565383911], "band2_gain_db": [10.892026901245117], "band2_cutoff_freq": [9347.57421875], "band2_q_factor": [0.41840916872024536], "band3_gain_db": [-7.670835494995117], "band3_cutoff_freq": [17074.78125], "band3_q_factor": [3.4961061477661133], "high_shelf_gain_db": [3.600797653198242], "high_shelf_cutoff_freq": [14892.2666015625], "high_shelf_q_factor": [4.668392658233643]}}}
{"iteration": 200, "raw_params": [[-0.7349940538406372, -1.0914297103881836, -0.08772601187229156, 3.4740042686462402, -0.9346446394920349, -0.9719891548156738, 0.799522340297699, 0.695329487323761, -1.1244287490844727, 1.2213480472564697, -0.6771681904792786, -2.863891839981079, -0.8084113597869873, 0.24420340359210968, 0.3047826290130615, 0.3640478253364563, 0.5703442692756653, 1.2327746152877808]]}
{"iteration": 300, "params": {"ParametricEQ": {"low_shelf_gain_db": [-12.684709548950195], "low_shelf_cutoff_freq": [387.6263427734375], "low_shelf_q_factor": [3.408111333847046], "band0_gain_db": [18.946910858154297], "band0_cutoff_freq": [618.7503662109375], "band0_q_factor": [1.2430509328842163], "band1_gain_db": [8.356742858886719], "band1_cutoff_freq": [5715.021484375], "band1_q_factor": [0.8716475367546082], "band2_gain_db": [13.824321746826172], "band2_cutoff_freq": [9267.9091796875], "band2_q_factor": [0.22146464884281158], "band3_gain_db": [-8.06719970703125], "band3_cutoff_freq": [16993.1484375], "band3_q_factor": [3.769653081893921], "high_shelf_gain_db": [3.4922256469726562], "high_shelf_cutoff_freq": [14945.8876953125], "high_shelf_q_factor": [5.2960028648376465]}}}
{"iteration": 300, "raw_params": [[-1.4969406127929688, -1.4783955812454224, 0.24399049580097198, 3.6104724407196045, -0.9414916038513184, -1.4259055852890015, 0.8901377320289612, 0.4860277473926544, -1.8940118551254272, 1.7005616426467896, -0.7676981687545776, -3.8622822761535645, -0.8553107380867004, 0.20765915513038635, 0.4979400932788849, 0.3528383672237396, 0.5840011835098267, 1.9988698959350586]]}
